ten san pham,total_count,Date
"Bao Tay Chơi Game ff, Pubg, Liên Quân.... Găng tay chơi game Chống Mồ Hôi, Siêu Nhạy, Co Giãn Cực Tốt Bằng Sợi Carbon",39697,Friday
"Quạt tản nhiệt điện thoại sò lạnh MEMO DL05/FL05/G6 chơi PUBG FF ROS Siêu lạnh, hiển thị nhiệt độ, LED RGB, Kẹp 2 chiều",21838,Friday
Miếng dán dẻo skin PPF tự phục hồi trầy xước cho Apple Watch size 38 40 42 44mm,2467,Friday
"Bộ lau giấy lau màn hình điện thoại, ipad, kính, Máy tính bảng, ống kinh...",1373,Friday
"Tai nghe Bluetooth AMOI F9 TWS 5.0 bản QUỐC TẾ không dây cảm ứng chống nước IPX5, chống ồn tích hợp sạc dự phòng 2500mAh",9785,Friday
Case Vỏ Bọc Airpods 1 2 Pro Hình Pink Pig Cover Đựng Hộp Sạc Tai Nghe Airpod 1 2 Pro Bằng Silicon Dẻo Đẹp,301,Friday
Case Airpod 1 2 Pro  Vỏ Ốp Bọc Tai Nghe Airpod Hình Thú  Ngầu Dễ Thương Chất Liệu Silicon Dẻo,646,Friday
Nút bắn PUBG Mô phỏng Phi thuyền Cực kì nhạy và nhẹ Siêu phẩm phi thuyền không gian,29802,Friday
"Bộ núm, nút bọc tai nghe thay thế cho airpod pro - loại đi kèm tai nghe bluetooth",967,Friday
Tai Nghe Bluetooth AirDots Redmi2 True Wireless Công Nghệ 5.0 Cảm Biến Tự Động Kết Nối,380,Friday
"Tai nghe chơi game bluetooth , Tai nghe Gaming Apro366 Tws Bluetooth 5.0 - Không dây có mic với độ trễ cực thấp",970,Friday
Tai Nghe Bluetooth True Wireless JABRA Elite 75T Wireless và Sony D76 Charging  Bảo hành đổi mới,190,Friday
"Nút mút tai nghe airpod pro giá rẻ  - Nút, Tips tai Airpods Pro",695,Friday
"Găng tay chơi game Mobile - Chống mồ hôi tay, tăng độ nhạy cảm ứng",19738,Friday
"Nút tai, nút silicon thay thế cho airpod pro - Nút tai,nút silicon đi kèm tai nghe bluetooth",873,Friday
Bình nước 2 lít tặng Sticker,5,Friday
"Quạt tản nhiệt sò lạnh cho điện thoại S3 - Kẹp 2 chiều, phù hợp dòng điện thoại nhỏ từ 4.7 inch",9998,Friday
Bộ Sticker hình dán dễ thương sáng tạo và giấy bộ nhãn dán trang trí dễ thương phong các Hàn Quốc,1800,Friday
Quạt Tản Nhiệt Điện Thoại Sò Lạnh Không Dây Có Pin Memo Dl08 Bản mới ra 2022,987,Friday
"Hộp đựng Nút bắn PUBG Mô phỏng Phi thuyền Cực kì nhạy và nhẹ Siêu phẩm phi thuyền không gian - trang trí bàn, tủ kệ",14,Friday
"Bao Tay Chơi Game ff, Pubg, Liên Quân.... Găng tay chơi game Chống Mồ Hôi, Siêu Nhạy, Co Giãn Cực Tốt Bằng Sợi Carbon",39337,Monday
"Quạt tản nhiệt điện thoại sò lạnh MEMO DL05/FL05/G6 chơi PUBG FF ROS Siêu lạnh, hiển thị nhiệt độ, LED RGB, Kẹp 2 chiều",20941,Monday
Miếng dán dẻo skin PPF tự phục hồi trầy xước cho Apple Watch size 38 40 42 44mm,2466,Monday
"Bộ lau giấy lau màn hình điện thoại, ipad, kính, Máy tính bảng, ống kinh...",1373,Monday
"Tai nghe Bluetooth AMOI F9 TWS 5.0 bản QUỐC TẾ không dây cảm ứng chống nước IPX5, chống ồn tích hợp sạc dự phòng 2500mAh",9783,Monday
Case Vỏ Bọc Airpods 1 2 Pro Hình Pink Pig Cover Đựng Hộp Sạc Tai Nghe Airpod 1 2 Pro Bằng Silicon Dẻo Đẹp,301,Monday
Case Airpod 1 2 Pro  Vỏ Ốp Bọc Tai Nghe Airpod Hình Thú  Ngầu Dễ Thương Chất Liệu Silicon Dẻo,645,Monday
Nút bắn PUBG Mô phỏng Phi thuyền Cực kì nhạy và nhẹ Siêu phẩm phi thuyền không gian,29801,Monday
"Bộ núm, nút bọc tai nghe thay thế cho airpod pro - loại đi kèm tai nghe bluetooth",967,Monday
Tai Nghe Bluetooth AirDots Redmi2 True Wireless Công Nghệ 5.0 Cảm Biến Tự Động Kết Nối,380,Monday
"Tai nghe chơi game bluetooth , Tai nghe Gaming Apro366 Tws Bluetooth 5.0 - Không dây có mic với độ trễ cực thấp",969,Monday
Tai Nghe Bluetooth True Wireless JABRA Elite 75T Wireless và Sony D76 Charging  Bảo hành đổi mới,190,Monday
"Nút mút tai nghe airpod pro giá rẻ  - Nút, Tips tai Airpods Pro",689,Monday
"Găng tay chơi game Mobile - Chống mồ hôi tay, tăng độ nhạy cảm ứng",19713,Monday
"Nút tai, nút silicon thay thế cho airpod pro - Nút tai,nút silicon đi kèm tai nghe bluetooth",872,Monday
Bình nước 2 lít tặng Sticker,5,Monday
"Quạt tản nhiệt sò lạnh cho điện thoại S3 - Kẹp 2 chiều, phù hợp dòng điện thoại nhỏ từ 4.7 inch",9989,Monday
Bộ Sticker hình dán dễ thương sáng tạo và giấy bộ nhãn dán trang trí dễ thương phong các Hàn Quốc,1799,Monday
Quạt Tản Nhiệt Điện Thoại Sò Lạnh Không Dây Có Pin Memo Dl08 Bản mới ra 2022,986,Monday
"Hộp đựng Nút bắn PUBG Mô phỏng Phi thuyền Cực kì nhạy và nhẹ Siêu phẩm phi thuyền không gian - trang trí bàn, tủ kệ",14,Monday
"Bao Tay Chơi Game ff, Pubg, Liên Quân.... Găng tay chơi game Chống Mồ Hôi, Siêu Nhạy, Co Giãn Cực Tốt Bằng Sợi Carbon",39316,Tuesday
"Quạt tản nhiệt điện thoại sò lạnh MEMO DL05/FL05/G6 chơi PUBG FF ROS Siêu lạnh, hiển thị nhiệt độ, LED RGB, Kẹp 2 chiều",20921,Tuesday
Miếng dán dẻo skin PPF tự phục hồi trầy xước cho Apple Watch size 38 40 42 44mm,2466,Tuesday
"Bộ lau giấy lau màn hình điện thoại, ipad, kính, Máy tính bảng, ống kinh...",1373,Tuesday
"Tai nghe Bluetooth AMOI F9 TWS 5.0 bản QUỐC TẾ không dây cảm ứng chống nước IPX5, chống ồn tích hợp sạc dự phòng 2500mAh",9783,Tuesday
Case Vỏ Bọc Airpods 1 2 Pro Hình Pink Pig Cover Đựng Hộp Sạc Tai Nghe Airpod 1 2 Pro Bằng Silicon Dẻo Đẹp,301,Tuesday
Case Airpod 1 2 Pro  Vỏ Ốp Bọc Tai Nghe Airpod Hình Thú  Ngầu Dễ Thương Chất Liệu Silicon Dẻo,645,Tuesday
Nút bắn PUBG Mô phỏng Phi thuyền Cực kì nhạy và nhẹ Siêu phẩm phi thuyền không gian,29802,Tuesday
"Bộ núm, nút bọc tai nghe thay thế cho airpod pro - loại đi kèm tai nghe bluetooth",965,Tuesday
Tai Nghe Bluetooth AirDots Redmi2 True Wireless Công Nghệ 5.0 Cảm Biến Tự Động Kết Nối,380,Tuesday
"Tai nghe chơi game bluetooth , Tai nghe Gaming Apro366 Tws Bluetooth 5.0 - Không dây có mic với độ trễ cực thấp",968,Tuesday
Tai Nghe Bluetooth True Wireless JABRA Elite 75T Wireless và Sony D76 Charging  Bảo hành đổi mới,190,Tuesday
"Nút mút tai nghe airpod pro giá rẻ  - Nút, Tips tai Airpods Pro",685,Tuesday
"Găng tay chơi game Mobile - Chống mồ hôi tay, tăng độ nhạy cảm ứng",19698,Tuesday
"Nút tai, nút silicon thay thế cho airpod pro - Nút tai,nút silicon đi kèm tai nghe bluetooth",869,Tuesday
Bình nước 2 lít tặng Sticker,5,Tuesday
"Quạt tản nhiệt sò lạnh cho điện thoại S3 - Kẹp 2 chiều, phù hợp dòng điện thoại nhỏ từ 4.7 inch",9988,Tuesday
Bộ Sticker hình dán dễ thương sáng tạo và giấy bộ nhãn dán trang trí dễ thương phong các Hàn Quốc,1799,Tuesday
Quạt Tản Nhiệt Điện Thoại Sò Lạnh Không Dây Có Pin Memo Dl08 Bản mới ra 2022,9,Tuesday
"Hộp đựng Nút bắn PUBG Mô phỏng Phi thuyền Cực kì nhạy và nhẹ Siêu phẩm phi thuyền không gian - trang trí bàn, tủ kệ",13,Tuesday
